0.605003;agent0;16.513393;0.000000;2.110335;Stadium;cell16.000000-2.000000
0.605003;agent1;15.495352;0.000000;10.169849;Theater;cell14.000000-10.000000
0.605003;agent2;13.452246;0.000000;8.031678;AppleStore;cell12.000000-8.000000
0.606003;agent3;8.432216;0.000000;14.080215;Theater;cell8.000000-14.000000
0.606003;agent4;8.290291;0.000000;3.388791;Theater;cell8.000000-2.000000
0.606003;agent5;27.548218;0.000000;7.916212;Stadium;cell28.000000-8.000000
0.606003;agent6;22.593245;0.000000;14.749427;Stadium;cell22.000000-14.000000
0.606003;agent7;8.441847;0.000000;9.843018;AppleStore;cell8.000000-10.000000
0.606003;agent8;9.319687;0.000000;16.580793;AppleStore;cell8.000000-16.000000
0.606003;agent9;7.993795;0.000000;17.566113;Stadium;cell8.000000-18.000000
0.935997;agent0;16.008512;0.000000;2.078207;Stadium;cell16.000000-2.000000
0.935997;agent1;16.003752;0.000000;10.360853;Theater;cell14.000000-10.000000
0.935997;agent2;13.968122;0.000000;7.953451;AppleStore;cell12.000000-8.000000
0.936996;agent3;8.928468;0.000000;14.145221;Theater;cell8.000000-14.000000
0.936996;agent4;8.711140;0.000000;3.569327;Theater;cell8.000000-2.000000
0.936996;agent5;27.082773;0.000000;7.768212;Stadium;cell26.000000-6.000000
0.936996;agent6;22.172590;0.000000;14.597914;Stadium;cell22.000000-14.000000
0.936996;agent7;8.878300;0.000000;9.679844;AppleStore;cell8.000000-8.000000
0.936996;agent8;9.783309;0.000000;16.314054;AppleStore;cell8.000000-16.000000
0.936996;agent9;7.904016;0.000000;17.183897;Stadium;cell6.000000-16.000000
1.264000;agent0;15.598595;0.000000;1.970490;Stadium;cell16.000000-2.000000
1.264000;agent1;16.362619;0.000000;10.556793;Theater;cell16.000000-10.000000
1.264000;agent2;14.512914;0.000000;7.768320;AppleStore;cell12.000000-6.000000
1.264000;agent3;9.355501;0.000000;14.266368;Theater;cell8.000000-14.000000
1.264000;agent4;9.076934;0.000000;3.836208;Theater;cell8.000000-2.000000
1.264999;agent5;26.563358;0.000000;7.644519;Stadium;cell26.000000-6.000000
1.264999;agent6;21.827751;0.000000;14.264592;Stadium;cell22.000000-14.000000
1.264999;agent7;9.365068;0.000000;9.560060;AppleStore;cell8.000000-8.000000
1.264999;agent8;10.290089;0.000000;16.074402;AppleStore;cell8.000000-16.000000
1.264999;agent9;7.753413;0.000000;16.749022;Stadium;cell6.000000-16.000000
1.608002;agent0;15.105726;0.000000;1.978611;Stadium;cell14.000000-0.000000
1.608002;agent1;16.689995;0.000000;10.709558;Theater;cell16.000000-10.000000
1.608002;agent2;14.948652;0.000000;7.722375;AppleStore;cell14.000000-6.000000
1.608002;agent3;9.799416;0.000000;14.451508;Theater;cell8.000000-14.000000
1.608002;agent4;9.379832;0.000000;4.182860;Theater;cell8.000000-2.000000
1.608002;agent5;26.134295;0.000000;7.549053;Stadium;cell26.000000-6.000000
1.609001;agent6;21.495272;0.000000;13.916422;Stadium;cell20.000000-14.000000
1.609001;agent7;9.756993;0.000000;9.487035;AppleStore;cell8.000000-8.000000
1.609001;agent8;10.617888;0.000000;15.752474;AppleStore;cell10.000000-16.000000
1.609001;agent9;7.644359;0.000000;16.173973;Stadium;cell6.000000-16.000000
1.932999;agent0;14.566349;0.000000;1.983202;Stadium;cell14.000000-0.000000
1.932999;agent1;17.028946;0.000000;10.947913;Theater;cell16.000000-10.000000
1.932999;agent2;15.475209;0.000000;7.666954;AppleStore;cell14.000000-6.000000
1.932999;agent3;10.243422;0.000000;14.369775;Theater;cell8.000000-14.000000
1.932999;agent4;9.704185;0.000000;4.607309;Theater;cell8.000000-4.000000
1.932999;agent5;25.722456;0.000000;7.521010;Stadium;cell26.000000-6.000000
1.932999;agent6;21.325054;0.000000;13.567237;Stadium;cell20.000000-12.000000
1.932999;agent7;10.247024;0.000000;9.458966;AppleStore;cell8.000000-8.000000
1.932999;agent8;11.063648;0.000000;15.539207;AppleStore;cell10.000000-14.000000
1.933998;agent9;7.617352;0.000000;15.774124;Stadium;cell6.000000-16.000000
2.252998;agent0;14.004158;0.000000;1.998580;Stadium;cell14.000000-0.000000
2.252998;agent1;17.460367;0.000000;11.278251;Theater;cell16.000000-10.000000
2.252998;agent2;15.889133;0.000000;7.587958;AppleStore;cell14.000000-6.000000
2.252998;agent3;10.645840;0.000000;14.261982;Theater;cell10.000000-14.000000
2.252998;agent4;9.905592;0.000000;5.012863;Theater;cell8.000000-4.000000
2.252998;agent5;25.270491;0.000000;7.510870;Stadium;cell24.000000-6.000000
2.253998;agent6;21.122463;0.000000;13.209538;Stadium;cell20.000000-12.000000
2.253998;agent7;10.654641;0.000000;9.367759;AppleStore;cell10.000000-8.000000
2.253998;agent8;11.460768;0.000000;15.396477;AppleStore;cell10.000000-14.000000
2.253998;agent9;7.662600;0.000000;15.322961;Stadium;cell6.000000-14.000000
2.613998;agent0;13.563630;0.000000;2.036754;Stadium;cell14.000000-0.000000
2.613998;agent1;17.930664;0.000000;11.516247;Theater;cell16.000000-10.000000
2.613998;agent2;16.341684;0.000000;7.400433;AppleStore;cell14.000000-6.000000
2.613998;agent3;11.182537;0.000000;14.022266;Theater;cell10.000000-14.000000
2.614998;agent4;10.184617;0.000000;5.374416;Theater;cell8.000000-4.000000
2.614998;agent5;24.781368;0.000000;7.401314;Stadium;cell24.000000-6.000000
2.614998;agent6;20.788673;0.000000;12.847337;Stadium;cell20.000000-12.000000
2.614998;agent7;11.027785;0.000000;9.162648;AppleStore;cell10.000000-8.000000
2.614998;agent8;11.880050;0.000000;15.286640;AppleStore;cell10.000000-14.000000
2.614998;agent9;7.571971;0.000000;14.801489;Stadium;cell6.000000-14.000000
2.977997;agent0;13.144149;0.000000;2.038569;Stadium;cell12.000000-2.000000
2.977997;agent1;18.283794;0.000000;11.753800;Theater;cell16.000000-10.000000
2.977997;agent2;16.776295;0.000000;7.219194;AppleStore;cell16.000000-6.000000
2.977997;agent3;11.602257;0.000000;13.831936;Theater;cell10.000000-14.000000
2.977997;agent4;10.563008;0.000000;5.718735;Theater;cell10.000000-4.000000
2.978996;agent5;24.274038;0.000000;7.349228;Stadium;cell24.000000-6.000000
2.978996;agent6;20.367786;0.000000;12.557003;Stadium;cell20.000000-12.000000
2.978996;agent7;11.482339;0.000000;9.098190;AppleStore;cell10.000000-8.000000
2.978996;agent8;12.388952;0.000000;15.092406;AppleStore;cell10.000000-14.000000
2.978996;agent9;7.514872;0.000000;14.283117;Stadium;cell6.000000-14.000000
3.308998;agent0;12.608929;0.000000;2.042452;Stadium;cell12.000000-2.000000
3.308998;agent1;18.593800;0.000000;12.016981;Theater;cell18.000000-10.000000
3.308998;agent2;17.158957;0.000000;7.145869;AppleStore;cell16.000000-6.000000
3.309998;agent3;11.977418;0.000000;13.682139;Theater;cell10.000000-12.000000
3.309998;agent4;10.907454;0.000000;6.013246;Theater;cell10.000000-4.000000
3.309998;agent5;23.780500;0.000000;7.214571;Stadium;cell24.000000-6.000000
3.309998;agent6;19.954617;0.000000;12.449053;Stadium;cell20.000000-12.000000
3.309998;agent7;11.932967;0.000000;9.050995;AppleStore;cell10.000000-8.000000
3.309998;agent8;12.777437;0.000000;14.837234;AppleStore;cell12.000000-14.000000
3.309998;agent9;7.402300;0.000000;13.805091;Stadium;cell6.000000-14.000000
3.657997;agent0;12.170427;0.000000;2.058643;Stadium;cell12.000000-2.000000
3.657997;agent1;18.666965;0.000000;12.301380;Theater;cell18.000000-12.000000
3.657997;agent2;17.589252;0.000000;7.181034;AppleStore;cell16.000000-6.000000
3.657997;agent3;12.450718;0.000000;13.517221;Theater;cell10.000000-12.000000
3.657997;agent4;11.406790;0.000000;6.223998;Theater;cell10.000000-6.000000
3.657997;agent5;23.369249;0.000000;7.068487;Stadium;cell22.000000-6.000000
3.657997;agent6;19.513548;0.000000;12.295911;Stadium;cell18.000000-12.000000
3.657997;agent7;12.326849;0.000000;9.011020;AppleStore;cell10.000000-8.000000
3.657997;agent8;13.086270;0.000000;14.561129;AppleStore;cell12.000000-14.000000
3.658997;agent9;7.290180;0.000000;13.339647;Stadium;cell6.000000-12.000000
4.014000;agent0;11.654284;0.000000;2.154399;Stadium;cell12.000000-2.000000
4.014000;agent1;18.334755;0.000000;12.817999;Theater;cell18.000000-12.000000
4.014000;agent2;18.149008;0.000000;7.153318;AppleStore;cell16.000000-6.000000
4.014999;agent3;12.934526;0.000000;13.231523;Theater;cell12.000000-12.000000
4.014999;agent4;11.690267;0.000000;6.470801;Theater;cell10.000000-6.000000
4.014999;agent5;23.018917;0.000000;6.981578;Stadium;cell22.000000-6.000000
4.014999;agent6;19.163267;0.000000;12.186522;Stadium;cell18.000000-12.000000
4.014999;agent7;12.906967;0.000000;8.907648;AppleStore;cell12.000000-8.000000
4.014999;agent8;13.462515;0.000000;14.173454;AppleStore;cell12.000000-14.000000
4.014999;agent9;7.301447;0.000000;12.945280;Stadium;cell6.000000-12.000000
4.380997;agent0;11.187259;0.000000;2.245517;Stadium;cell10.000000-2.000000
4.380997;agent1;18.428032;0.000000;13.519661;Theater;cell18.000000-12.000000
4.382004;agent2;18.490015;0.000000;7.073328;AppleStore;cell18.000000-6.000000
4.382004;agent3;13.332849;0.000000;12.794436;Theater;cell12.000000-12.000000
4.382004;agent4;12.059042;0.000000;6.806574;Theater;cell10.000000-6.000000
4.382004;agent5;22.659101;0.000000;6.937902;Stadium;cell22.000000-6.000000
4.382004;agent6;18.724422;0.000000;12.035988;Stadium;cell18.000000-12.000000
4.382004;agent7;13.390263;0.000000;8.786079;AppleStore;cell12.000000-8.000000
4.382004;agent8;13.765360;0.000000;13.886586;AppleStore;cell12.000000-14.000000
4.382004;agent9;7.322248;0.000000;12.517358;Stadium;cell6.000000-12.000000
4.730003;agent0;10.714348;0.000000;2.312968;Stadium;cell10.000000-2.000000
4.730003;agent1;18.923851;0.000000;13.844391;Theater;cell18.000000-12.000000
4.730003;agent2;18.930088;0.000000;6.912408;AppleStore;cell18.000000-6.000000
4.730003;agent3;13.806499;0.000000;12.334684;Theater;cell12.000000-12.000000
4.730003;agent4;12.541343;0.000000;6.959117;Theater;cell12.000000-6.000000
4.730003;agent5;22.223913;0.000000;6.884269;Stadium;cell22.000000-6.000000
4.730003;agent6;18.232677;0.000000;11.789302;Stadium;cell18.000000-12.000000
4.730003;agent7;13.740708;0.000000;8.607933;AppleStore;cell12.000000-8.000000
4.731003;agent8;14.032020;0.000000;13.478805;AppleStore;cell12.000000-12.000000
4.731003;agent9;7.269261;0.000000;12.024162;Stadium;cell6.000000-12.000000
5.066002;agent0;10.216030;0.000000;2.374411;Stadium;cell10.000000-2.000000
5.066002;agent1;19.394735;0.000000;14.012016;Theater;cell18.000000-12.000000
5.067001;agent2;19.361465;0.000000;6.579486;AppleStore;cell18.000000-6.000000
5.067001;agent3;14.167790;0.000000;12.178564;Theater;cell12.000000-12.000000
5.067001;agent4;12.846210;0.000000;7.074389;Theater;cell12.000000-6.000000
5.067001;agent5;21.740498;0.000000;6.699277;Stadium;cell22.000000-6.000000
5.067001;agent6;17.802357;0.000000;11.498736;Stadium;cell18.000000-10.000000
5.067001;agent7;14.225450;0.000000;8.419141;AppleStore;cell12.000000-8.000000
5.067001;agent8;14.484159;0.000000;13.173016;AppleStore;cell14.000000-12.000000
5.067001;agent9;7.050215;0.000000;11.559937;Stadium;cell6.000000-12.000000
5.399002;agent0;9.739156;0.000000;2.286198;Stadium;cell10.000000-2.000000
5.399002;agent1;19.917273;0.000000;14.091546;Theater;cell18.000000-14.000000
5.399002;agent2;19.790184;0.000000;6.359144;AppleStore;cell18.000000-6.000000
5.399002;agent3;14.429818;0.000000;11.513023;Theater;cell14.000000-12.000000
5.399002;agent4;13.261627;0.000000;7.189767;Theater;cell12.000000-6.000000
5.400002;agent5;21.295662;0.000000;6.541918;Stadium;cell20.000000-6.000000
5.400002;agent6;17.443274;0.000000;11.278208;Stadium;cell16.000000-10.000000
5.400002;agent7;14.693972;0.000000;8.280025;AppleStore;cell14.000000-8.000000
5.400002;agent8;14.683367;0.000000;12.939200;AppleStore;cell14.000000-12.000000
5.400002;agent9;6.892874;0.000000;11.042438;Stadium;cell6.000000-10.000000
5.776001;agent0;9.197324;0.000000;2.274459;Stadium;cell8.000000-2.000000
5.776001;agent1;20.294149;0.000000;14.255709;Theater;cell18.000000-14.000000
5.777000;agent2;20.036665;0.000000;6.077437;AppleStore;cell18.000000-6.000000
5.777000;agent3;14.921770;0.000000;11.293525;Theater;cell14.000000-10.000000
5.777000;agent4;13.668955;0.000000;7.358863;Theater;cell12.000000-6.000000
5.777000;agent5;20.922411;0.000000;6.453963;Stadium;cell20.000000-6.000000
5.777000;agent6;17.072994;0.000000;11.120790;Stadium;cell16.000000-10.000000
5.777000;agent7;15.153658;0.000000;8.207563;AppleStore;cell14.000000-8.000000
5.777000;agent8;15.039495;0.000000;12.743215;AppleStore;cell14.000000-12.000000
5.777000;agent9;6.797996;0.000000;10.557963;Stadium;cell6.000000-10.000000
6.146004;agent0;8.813523;0.000000;2.234124;Stadium;cell8.000000-2.000000
6.146004;agent1;20.654512;0.000000;14.526848;Theater;cell20.000000-14.000000
6.146004;agent2;20.050562;0.000000;5.335503;AppleStore;cell20.000000-6.000000
6.147003;agent3;15.586351;0.000000;11.267402;Theater;cell14.000000-10.000000
6.147003;agent4;13.975793;0.000000;7.600350;Theater;cell12.000000-6.000000
6.147003;agent5;20.501898;0.000000;6.307553;Stadium;cell20.000000-6.000000
6.147003;agent6;16.625601;0.000000;10.828989;Stadium;cell16.000000-10.000000
6.147003;agent7;15.639078;0.000000;8.040250;AppleStore;cell14.000000-8.000000
6.147003;agent8;15.622108;0.000000;12.357481;AppleStore;cell14.000000-12.000000
6.147003;agent9;6.665913;0.000000;10.097918;Stadium;cell6.000000-10.000000
6.494003;agent0;8.499159;0.000000;2.175861;Stadium;cell8.000000-2.000000
6.494003;agent1;20.941490;0.000000;14.829432;Theater;cell20.000000-14.000000
6.494003;agent2;20.299236;0.000000;4.863001;AppleStore;cell20.000000-4.000000
6.494003;agent3;15.448684;0.000000;10.998087;Theater;cell14.000000-10.000000
6.494003;agent4;14.266521;0.000000;7.786972;Theater;cell12.000000-6.000000
6.494003;agent5;20.028721;0.000000;6.101629;Stadium;cell20.000000-6.000000
6.494003;agent6;16.187809;0.000000;10.480704;Stadium;cell16.000000-10.000000
6.495003;agent7;16.087002;0.000000;7.773077;AppleStore;cell14.000000-8.000000
6.495003;agent8;15.967920;0.000000;12.055617;AppleStore;cell14.000000-12.000000
6.495003;agent9;6.677756;0.000000;9.524437;Stadium;cell6.000000-10.000000
6.818001;agent0;8.060366;0.000000;2.245341;Stadium;cell8.000000-2.000000
6.818001;agent1;21.295862;0.000000;15.022756;Theater;cell20.000000-14.000000
6.818001;agent2;20.642122;0.000000;4.582370;AppleStore;cell20.000000-4.000000
6.818001;agent3;14.878448;0.000000;11.341796;Theater;cell14.000000-10.000000
6.818001;agent4;14.636894;0.000000;8.136482;Theater;cell14.000000-6.000000
6.818001;agent5;19.500452;0.000000;5.986334;Stadium;cell20.000000-6.000000
6.819000;agent6;15.776064;0.000000;10.113103;Stadium;cell16.000000-10.000000
6.819000;agent7;16.506388;0.000000;7.527149;AppleStore;cell16.000000-6.000000
6.819000;agent8;16.199673;0.000000;11.745708;AppleStore;cell14.000000-12.000000
6.819000;agent9;6.603675;0.000000;9.000366;Stadium;cell6.000000-8.000000
7.161003;agent0;7.555467;0.000000;2.457379;Stadium;cell8.000000-2.000000
7.161003;agent1;21.745380;0.000000;15.307066;Theater;cell20.000000-14.000000
7.161003;agent2;21.101389;0.000000;4.576493;AppleStore;cell20.000000-4.000000
7.162003;agent3;14.930771;0.000000;11.556334;Theater;cell14.000000-10.000000
7.162003;agent4;15.033061;0.000000;8.475324;Theater;cell14.000000-8.000000
7.162003;agent5;19.025515;0.000000;5.921746;Stadium;cell18.000000-4.000000
7.162003;agent6;15.468835;0.000000;9.842437;Stadium;cell14.000000-10.000000
7.162003;agent7;16.936716;0.000000;7.268625;AppleStore;cell16.000000-6.000000
7.162003;agent8;16.498764;0.000000;11.399203;AppleStore;cell16.000000-10.000000
7.162003;agent9;6.442728;0.000000;8.699483;Stadium;cell6.000000-8.000000
7.525002;agent0;7.130551;0.000000;2.580180;Stadium;cell6.000000-2.000000
7.525002;agent1;22.164253;0.000000;15.502219;Theater;cell20.000000-14.000000
7.525002;agent2;21.661423;0.000000;4.643200;AppleStore;cell20.000000-4.000000
7.525002;agent3;15.425307;0.000000;11.898944;Theater;cell14.000000-10.000000
7.525002;agent4;15.434980;0.000000;8.558249;Theater;cell14.000000-8.000000
7.525002;agent5;18.613901;0.000000;5.814241;Stadium;cell18.000000-4.000000
7.525002;agent6;15.105365;0.000000;9.671988;Stadium;cell14.000000-8.000000
7.526001;agent7;17.319420;0.000000;7.216946;AppleStore;cell16.000000-6.000000
7.526001;agent8;16.801332;0.000000;11.078798;AppleStore;cell16.000000-10.000000
7.526001;agent9;6.264729;0.000000;8.337786;Stadium;cell6.000000-8.000000
7.880997;agent0;6.694887;0.000000;2.690562;Stadium;cell6.000000-2.000000
7.880997;agent1;22.649529;0.000000;15.599642;Theater;cell22.000000-14.000000
7.880997;agent2;22.130327;0.000000;4.766978;AppleStore;cell20.000000-4.000000
7.880997;agent3;15.807301;0.000000;12.130904;Theater;cell14.000000-10.000000
7.880997;agent4;16.065899;0.000000;8.453932;Theater;cell14.000000-8.000000
7.880997;agent5;18.189047;0.000000;5.651461;Stadium;cell18.000000-4.000000
7.880997;agent6;14.614977;0.000000;9.424712;Stadium;cell14.000000-8.000000
7.880997;agent7;17.858801;0.000000;7.223417;AppleStore;cell16.000000-6.000000
7.882004;agent8;17.144361;0.000000;10.818866;AppleStore;cell16.000000-10.000000
7.882004;agent9;6.056938;0.000000;7.787516;Stadium;cell6.000000-8.000000
8.221001;agent0;6.269107;0.000000;2.859413;Stadium;cell6.000000-2.000000
8.221001;agent1;23.151308;0.000000;15.736001;Theater;cell22.000000-14.000000
8.221001;agent2;22.566654;0.000000;4.781492;AppleStore;cell22.000000-4.000000
8.221001;agent3;16.131037;0.000000;12.359594;Theater;cell14.000000-12.000000
8.221001;agent4;16.516294;0.000000;8.834247;Theater;cell16.000000-8.000000
8.221001;agent5;17.727339;0.000000;5.332843;Stadium;cell18.000000-4.000000
8.221001;agent6;14.219790;0.000000;9.222540;Stadium;cell14.000000-8.000000
8.221001;agent7;18.348166;0.000000;7.114366;AppleStore;cell16.000000-6.000000
8.222000;agent8;17.475590;0.000000;10.439848;AppleStore;cell16.000000-10.000000
8.222000;agent9;5.937606;0.000000;7.287501;Stadium;cell6.000000-6.000000
8.564003;agent0;5.832552;0.000000;2.990608;Theater;cell6.000000-2.000000
8.564003;agent1;23.520958;0.000000;15.869421;Theater;cell22.000000-14.000000
8.564003;agent2;23.051659;0.000000;4.831554;AppleStore;cell22.000000-4.000000
8.564003;agent3;16.487719;0.000000;12.673305;Theater;cell16.000000-12.000000
8.564003;agent4;16.880714;0.000000;9.159355;Theater;cell16.000000-8.000000
8.564003;agent5;17.261618;0.000000;5.154945;Stadium;cell16.000000-4.000000
8.564003;agent6;13.817847;0.000000;9.055140;Stadium;cell14.000000-8.000000
8.564003;agent7;18.731920;0.000000;6.987007;AppleStore;cell18.000000-6.000000
8.564003;agent8;17.886663;0.000000;10.196977;AppleStore;cell16.000000-10.000000
8.565002;agent9;5.763634;0.000000;6.857580;Stadium;cell4.000000-6.000000
8.929001;agent0;6.198953;0.000000;3.373199;Theater;cell4.000000-2.000000
8.929001;agent1;23.904242;0.000000;15.992949;Theater;cell22.000000-14.000000
8.929001;agent2;23.499279;0.000000;4.878367;AppleStore;cell22.000000-4.000000
8.929001;agent3;16.908436;0.000000;12.911956;Theater;cell16.000000-12.000000
8.929001;agent4;16.978230;0.000000;9.331980;Theater;cell16.000000-8.000000
8.930000;agent5;16.884312;0.000000;4.921645;Stadium;cell16.000000-4.000000
8.930000;agent6;13.282787;0.000000;8.842375;Stadium;cell12.000000-8.000000
8.930000;agent7;19.138439;0.000000;6.683805;AppleStore;cell18.000000-6.000000
8.930000;agent8;18.253668;0.000000;9.870637;AppleStore;cell16.000000-10.000000
8.930000;agent9;5.692780;0.000000;6.424743;Stadium;cell4.000000-6.000000
9.298996;agent0;6.521814;0.000000;3.671668;Theater;cell6.000000-2.000000
9.298996;agent1;24.430353;0.000000;16.133808;Theater;cell22.000000-14.000000
9.298996;agent2;23.989302;0.000000;4.887663;AppleStore;cell22.000000-4.000000
9.298996;agent3;17.414379;0.000000;13.056226;Theater;cell16.000000-12.000000
9.298996;agent4;16.973215;0.000000;9.626565;Theater;cell16.000000-8.000000
9.298996;agent5;16.488737;0.000000;4.699675;Stadium;cell16.000000-4.000000
9.298996;agent6;13.016985;0.000000;8.621060;Stadium;cell12.000000-8.000000
9.300003;agent7;19.527390;0.000000;6.467896;AppleStore;cell18.000000-6.000000
9.300003;agent8;18.694906;0.000000;9.631086;AppleStore;cell18.000000-8.000000
9.300003;agent9;5.490389;0.000000;5.995154;Stadium;cell4.000000-6.000000
9.673996;agent0;6.929171;0.000000;4.044003;Theater;cell6.000000-2.000000
9.673996;agent1;24.895966;0.000000;16.322443;Theater;cell24.000000-16.000000
9.673996;agent3;17.414379;0.000000;13.056226;Theater;cell16.000000-12.000000
9.673996;agent4;17.180706;0.000000;9.960228;Theater;cell16.000000-8.000000
9.675003;agent5;16.023800;0.000000;4.581708;Stadium;cell16.000000-4.000000
9.675003;agent6;12.764631;0.000000;8.407986;Stadium;cell12.000000-8.000000
9.675003;agent7;19.934807;0.000000;6.287437;AppleStore;cell18.000000-6.000000
9.675003;agent8;19.121479;0.000000;9.435274;AppleStore;cell18.000000-8.000000
9.675003;agent9;5.371119;0.000000;5.529736;Stadium;cell4.000000-4.000000
9.992004;agent0;7.316054;0.000000;4.266211;Theater;cell6.000000-4.000000
9.992004;agent1;25.330204;0.000000;16.403284;Theater;cell24.000000-16.000000
9.992004;agent3;17.918377;0.000000;13.295160;Theater;cell16.000000-12.000000
9.992996;agent4;17.601549;0.000000;10.087845;Theater;cell16.000000-8.000000
9.992996;agent5;15.521049;0.000000;4.513031;Stadium;cell16.000000-4.000000
9.992996;agent6;12.363688;0.000000;8.047142;Stadium;cell12.000000-8.000000
9.992996;agent7;20.341793;0.000000;6.075464;AppleStore;cell18.000000-6.000000
9.992996;agent8;19.557167;0.000000;9.206074;AppleStore;cell18.000000-8.000000
9.992996;agent9;5.317808;0.000000;5.121046;Stadium;cell4.000000-4.000000
10.294006;agent0;7.608174;0.000000;4.437425;Theater;cell6.000000-4.000000
10.294006;agent1;25.732632;0.000000;16.529852;Theater;cell24.000000-16.000000
10.294006;agent3;18.322298;0.000000;13.508418;Theater;cell16.000000-12.000000
10.294006;agent4;18.123793;0.000000;10.232294;Theater;cell16.000000-10.000000
10.294006;agent5;15.031659;0.000000;4.495789;Stadium;cell14.000000-4.000000
10.294006;agent6;11.905869;0.000000;7.809540;Stadium;cell12.000000-8.000000
10.294998;agent7;20.857483;0.000000;5.951738;AppleStore;cell20.000000-6.000000
10.294998;agent8;19.793898;0.000000;8.975426;AppleStore;cell18.000000-8.000000
10.294998;agent9;5.176294;0.000000;4.594803;Stadium;cell4.000000-4.000000
10.600006;agent0;8.046002;0.000000;4.633915;Theater;cell6.000000-4.000000
10.600006;agent1;26.161144;0.000000;16.798653;AppleStore;cell24.000000-16.000000
10.600006;agent3;18.835770;0.000000;13.681531;Theater;cell18.000000-12.000000
10.600006;agent4;18.667597;0.000000;10.445460;Theater;cell18.000000-10.000000
10.600006;agent5;14.539146;0.000000;4.555759;Stadium;cell14.000000-4.000000
10.600006;agent6;11.534142;0.000000;7.468716;Stadium;cell10.000000-6.000000
10.600998;agent7;21.364807;0.000000;5.902013;AppleStore;cell20.000000-4.000000
10.600998;agent8;20.097145;0.000000;8.713612;AppleStore;cell18.000000-8.000000
10.600998;agent9;5.105550;0.000000;4.111404;Stadium;cell4.000000-4.000000
10.908005;agent0;8.524334;0.000000;4.882550;Theater;cell8.000000-4.000000
10.908005;agent1;26.013365;0.000000;16.295925;AppleStore;cell26.000000-16.000000
10.908005;agent3;19.231253;0.000000;13.794847;Theater;cell18.000000-12.000000
10.908005;agent4;19.118456;0.000000;10.728469;Theater;cell18.000000-10.000000
10.908005;agent5;14.151641;0.000000;4.591462;Stadium;cell14.000000-4.000000
10.908005;agent6;11.185002;0.000000;7.113945;Stadium;cell10.000000-6.000000
10.908005;agent7;21.832762;0.000000;5.878298;AppleStore;cell20.000000-4.000000
10.908005;agent8;20.538925;0.000000;8.249441;AppleStore;cell20.000000-8.000000
10.908005;agent9;5.066097;0.000000;3.655655;Theater;cell4.000000-4.000000
11.225006;agent0;9.024637;0.000000;5.062299;Theater;cell8.000000-4.000000
11.225006;agent1;25.890154;0.000000;15.739525;AppleStore;cell26.000000-16.000000
11.225006;agent3;19.709774;0.000000;13.926097;Theater;cell18.000000-12.000000
11.225006;agent4;19.526554;0.000000;10.940876;Theater;cell18.000000-10.000000
11.225006;agent5;13.685161;0.000000;4.621834;Stadium;cell14.000000-4.000000
11.225006;agent6;10.803759;0.000000;6.968646;Stadium;cell10.000000-6.000000
11.225006;agent7;22.130392;0.000000;5.721807;AppleStore;cell20.000000-4.000000
11.225006;agent8;20.969471;0.000000;7.953971;AppleStore;cell20.000000-8.000000
11.225998;agent9;5.492771;0.000000;3.887840;Theater;cell4.000000-2.000000
11.542999;agent0;9.557090;0.000000;5.243753;Theater;cell8.000000-4.000000
11.542999;agent1;25.816010;0.000000;15.183674;AppleStore;cell24.000000-14.000000
11.542999;agent3;20.080221;0.000000;14.073374;Theater;cell18.000000-12.000000
11.542999;agent4;19.969555;0.000000;11.228592;Theater;cell18.000000-10.000000
11.544006;agent5;13.155285;0.000000;4.592593;Stadium;cell12.000000-4.000000
11.544006;agent6;10.427802;0.000000;6.761150;Stadium;cell10.000000-6.000000
11.544006;agent7;22.502113;0.000000;5.569246;AppleStore;cell22.000000-4.000000
11.544006;agent8;21.325064;0.000000;7.705154;AppleStore;cell20.000000-6.000000
11.544006;agent9;5.921628;0.000000;4.065128;Theater;cell4.000000-2.000000
11.856995;agent0;9.904847;0.000000;5.439010;Theater;cell8.000000-4.000000
11.856995;agent1;25.782665;0.000000;14.781079;AppleStore;cell24.000000-14.000000
11.856995;agent3;20.403988;0.000000;14.269162;Theater;cell20.000000-14.000000
11.856995;agent4;20.415541;0.000000;11.435927;Theater;cell18.000000-10.000000
11.856995;agent5;12.709523;0.000000;4.472675;Stadium;cell12.000000-4.000000
11.856995;agent6;10.091596;0.000000;6.537264;Stadium;cell10.000000-6.000000
11.856995;agent7;22.995750;0.000000;5.383847;AppleStore;cell22.000000-4.000000
11.856995;agent8;21.590858;0.000000;7.352067;AppleStore;cell20.000000-6.000000
11.858002;agent9;6.294280;0.000000;4.278820;Theater;cell4.000000-4.000000
12.173996;agent0;10.285125;0.000000;5.155162;Theater;cell8.000000-4.000000
12.173996;agent1;25.691502;0.000000;14.364426;AppleStore;cell24.000000-14.000000
12.173996;agent3;20.713512;0.000000;14.529504;Theater;cell20.000000-14.000000
12.173996;agent4;20.752375;0.000000;11.816295;Theater;cell20.000000-10.000000
12.173996;agent5;12.213148;0.000000;4.355370;Stadium;cell12.000000-4.000000
12.173996;agent6;9.834747;0.000000;6.213568;Stadium;cell10.000000-6.000000
12.173996;agent7;23.503035;0.000000;5.297795;AppleStore;cell22.000000-4.000000
12.173996;agent8;21.861435;0.000000;6.905181;AppleStore;cell20.000000-6.000000
12.173996;agent9;6.766221;0.000000;4.555009;Theater;cell6.000000-4.000000
12.503006;agent0;10.887569;0.000000;5.120275;Theater;cell10.000000-4.000000
12.503006;agent1;25.657827;0.000000;13.906168;AppleStore;cell24.000000-14.000000
12.503006;agent3;21.064962;0.000000;14.779359;Theater;cell20.000000-14.000000
12.503006;agent4;21.006975;0.000000;12.187874;Theater;cell20.000000-10.000000
12.503006;agent5;11.901090;0.000000;4.445008;Stadium;cell12.000000-4.000000
12.503006;agent6;9.472803;0.000000;5.847284;Stadium;cell8.000000-6.000000
12.503006;agent7;23.983988;0.000000;5.240484;AppleStore;cell22.000000-4.000000
12.503006;agent8;22.142670;0.000000;6.675581;AppleStore;cell20.000000-6.000000
12.503998;agent9;7.119621;0.000000;4.826259;Theater;cell6.000000-4.000000
12.826004;agent0;11.216385;0.000000;5.696699;Theater;cell10.000000-4.000000
12.826004;agent1;25.643169;0.000000;13.381701;AppleStore;cell24.000000-12.000000
12.826004;agent3;21.491034;0.000000;15.044782;Theater;cell20.000000-14.000000
12.826004;agent4;21.362333;0.000000;12.534943;Theater;cell20.000000-12.000000
12.826004;agent5;11.513719;0.000000;4.515158;Stadium;cell10.000000-4.000000
12.826004;agent6;9.193119;0.000000;5.492057;Stadium;cell8.000000-4.000000
12.826004;agent7;24.371782;0.000000;5.070609;Stadium;cell22.000000-4.000000
12.826996;agent8;22.506678;0.000000;6.304626;AppleStore;cell22.000000-6.000000
12.826996;agent9;7.475490;0.000000;5.129352;Theater;cell6.000000-4.000000
13.154999;agent0;11.519189;0.000000;6.190512;Theater;cell10.000000-4.000000
13.154999;agent1;25.607597;0.000000;12.902375;AppleStore;cell24.000000-12.000000
13.154999;agent3;21.923655;0.000000;15.324877;Theater;cell20.000000-14.000000
13.154999;agent4;21.794987;0.000000;12.871065;Theater;cell20.000000-12.000000
13.154999;agent5;11.040612;0.000000;4.524186;Stadium;cell10.000000-4.000000
13.154999;agent6;8.987850;0.000000;5.195652;Stadium;cell8.000000-4.000000
13.154999;agent7;23.953718;0.000000;5.014503;Stadium;cell24.000000-4.000000
13.154999;agent8;22.884392;0.000000;6.071874;AppleStore;cell22.000000-6.000000
13.154999;agent9;7.809340;0.000000;5.304842;Theater;cell6.000000-4.000000
13.496994;agent0;11.945837;0.000000;6.424243;Theater;cell10.000000-6.000000
13.496994;agent1;25.630947;0.000000;12.259226;AppleStore;cell24.000000-12.000000
13.496994;agent3;22.382793;0.000000;15.528562;Theater;cell20.000000-14.000000
13.496994;agent4;22.163506;0.000000;13.287485;Theater;cell20.000000-12.000000
13.496994;agent5;10.542074;0.000000;4.280073;Stadium;cell10.000000-4.000000
13.496994;agent6;9.012674;0.000000;4.705654;Stadium;cell8.000000-4.000000
13.496994;agent7;23.598034;0.000000;4.789567;Stadium;cell22.000000-4.000000
13.498001;agent8;23.375418;0.000000;5.826684;AppleStore;cell22.000000-6.000000
13.498001;agent9;8.188066;0.000000;5.556459;Theater;cell6.000000-4.000000
13.830002;agent0;12.407995;0.000000;6.752251;Theater;cell10.000000-6.000000
13.830002;agent1;25.584826;0.000000;11.825803;AppleStore;cell24.000000-12.000000
13.830994;agent3;22.886341;0.000000;15.677429;Theater;cell22.000000-14.000000
13.830994;agent4;22.458799;0.000000;13.613142;Theater;cell22.000000-12.000000
13.830994;agent5;10.267644;0.000000;3.980867;Stadium;cell10.000000-4.000000
13.830994;agent6;8.761021;0.000000;4.203810;Stadium;cell8.000000-4.000000
13.830994;agent7;23.102154;0.000000;4.249809;Stadium;cell22.000000-4.000000
13.830994;agent8;23.890211;0.000000;5.736946;AppleStore;cell22.000000-4.000000
13.830994;agent9;8.546051;0.000000;5.922257;Theater;cell8.000000-4.000000
14.182999;agent0;12.797589;0.000000;6.926613;Theater;cell12.000000-6.000000
14.182999;agent1;25.594555;0.000000;11.520409;AppleStore;cell24.000000-10.000000
14.182999;agent3;23.372822;0.000000;15.845986;Theater;cell22.000000-14.000000
14.182999;agent4;22.774374;0.000000;13.932039;Theater;cell22.000000-12.000000
14.182999;agent5;10.059155;0.000000;3.977124;Stadium;cell10.000000-2.000000
14.182999;agent6;8.390249;0.000000;3.948563;Stadium;cell8.000000-4.000000
14.184006;agent7;22.645493;0.000000;4.245968;Stadium;cell22.000000-4.000000
14.184006;agent8;24.199991;0.000000;5.565703;Stadium;cell22.000000-4.000000
14.184006;agent9;8.870490;0.000000;6.257782;Theater;cell8.000000-4.000000
14.522995;agent0;13.191102;0.000000;6.999888;Theater;cell12.000000-6.000000
14.522995;agent1;25.629055;0.000000;11.225868;AppleStore;cell24.000000-10.000000
14.522995;agent3;23.772722;0.000000;15.935176;Theater;cell22.000000-14.000000
14.522995;agent4;23.076431;0.000000;14.262193;Theater;cell22.000000-12.000000
14.522995;agent5;9.763277;0.000000;4.003393;Stadium;cell10.000000-2.000000
14.522995;agent6;7.946827;0.000000;3.672659;Stadium;cell8.000000-2.000000
14.524002;agent7;22.148289;0.000000;4.274695;Stadium;cell22.000000-4.000000
14.524002;agent8;23.692556;0.000000;5.555319;Stadium;cell24.000000-4.000000
14.524002;agent9;9.121262;0.000000;6.548940;Theater;cell8.000000-6.000000
14.845001;agent0;13.643889;0.000000;7.116358;Theater;cell12.000000-6.000000
14.845001;agent1;25.655066;0.000000;10.866795;AppleStore;cell24.000000-10.000000
14.845993;agent3;24.251869;0.000000;16.077635;Theater;cell22.000000-14.000000
14.845993;agent4;23.446136;0.000000;14.569721;Theater;cell22.000000-14.000000
14.845993;agent5;9.249396;0.000000;4.093525;Stadium;cell8.000000-4.000000
14.845993;agent6;7.494262;0.000000;3.552119;Stadium;cell6.000000-2.000000
14.845993;agent7;21.649956;0.000000;4.283304;Stadium;cell22.000000-4.000000
14.845993;agent8;23.241953;0.000000;5.458643;Stadium;cell22.000000-4.000000
14.845993;agent9;9.430734;0.000000;6.839051;Theater;cell8.000000-6.000000
15.175003;agent0;14.068356;0.000000;7.379377;Theater;cell12.000000-6.000000
15.175003;agent1;25.689873;0.000000;10.296952;AppleStore;cell24.000000-10.000000
15.175003;agent3;24.742691;0.000000;16.239552;Theater;cell24.000000-16.000000
15.175003;agent4;23.731245;0.000000;14.979815;Theater;cell22.000000-14.000000
15.175003;agent5;8.795284;0.000000;4.134818;Stadium;cell8.000000-4.000000
15.175995;agent6;7.088752;0.000000;3.439194;Stadium;cell6.000000-2.000000
15.175995;agent7;21.210180;0.000000;4.170992;Stadium;cell20.000000-4.000000
15.175995;agent8;22.802959;0.000000;5.353727;Stadium;cell22.000000-4.000000
15.175995;agent9;9.811301;0.000000;7.210413;Theater;cell8.000000-6.000000
15.511993;agent0;14.430978;0.000000;7.670575;Theater;cell14.000000-6.000000
15.511993;agent1;25.755758;0.000000;9.815142;AppleStore;cell24.000000-10.000000
15.511993;agent3;25.164837;0.000000;16.373440;Theater;cell24.000000-16.000000
15.511993;agent4;24.060043;0.000000;15.254283;Theater;cell22.000000-14.000000
15.511993;agent5;8.443135;0.000000;3.896829;Stadium;cell8.000000-4.000000
15.511993;agent6;6.538725;0.000000;3.360572;Stadium;cell6.000000-2.000000
15.511993;agent7;20.771208;0.000000;4.009846;Stadium;cell20.000000-4.000000
15.511993;agent8;22.320507;0.000000;5.200655;Stadium;cell22.000000-4.000000
15.513000;agent9;10.244402;0.000000;7.570454;Theater;cell8.000000-6.000000
15.837006;agent0;14.699618;0.000000;8.033778;Theater;cell14.000000-6.000000
15.837006;agent1;25.705772;0.000000;9.369308;AppleStore;cell24.000000-8.000000
15.837006;agent3;25.625395;0.000000;16.482431;Theater;cell24.000000-16.000000
15.837997;agent4;24.494354;0.000000;15.445143;Theater;cell24.000000-14.000000
15.837997;agent5;7.965533;0.000000;3.667900;Stadium;cell8.000000-2.000000
15.837997;agent6;6.040681;0.000000;3.355395;Stadium;cell6.000000-2.000000
15.837997;agent7;20.231647;0.000000;3.884094;Stadium;cell20.000000-4.000000
15.837997;agent8;21.791946;0.000000;5.163716;Stadium;cell22.000000-4.000000
15.837997;agent9;10.724693;0.000000;7.783608;Theater;cell10.000000-6.000000
16.166000;agent0;15.088196;0.000000;8.351841;Theater;cell14.000000-8.000000
16.166000;agent1;25.628401;0.000000;8.867276;AppleStore;cell24.000000-8.000000
16.166000;agent3;26.045404;0.000000;16.632166;Theater;cell24.000000-16.000000
16.166000;agent4;24.973021;0.000000;15.650500;Theater;cell24.000000-14.000000
16.166000;agent5;7.533117;0.000000;3.538209;Stadium;cell6.000000-2.000000
16.166000;agent7;20.231647;0.000000;3.884094;Stadium;cell20.000000-2.000000
16.166000;agent8;21.417358;0.000000;5.181987;Stadium;cell20.000000-4.000000
16.166000;agent9;11.118337;0.000000;8.097201;Theater;cell10.000000-6.000000
16.481003;agent0;15.460020;0.000000;8.621073;Theater;cell14.000000-8.000000
16.481003;agent1;25.567142;0.000000;8.415400;AppleStore;cell24.000000-8.000000
16.481003;agent3;26.470959;0.000000;16.917341;Stadium;cell26.000000-16.000000
16.481003;agent4;25.360706;0.000000;15.901717;Theater;cell24.000000-14.000000
16.481995;agent5;7.094097;0.000000;3.448410;Stadium;cell6.000000-2.000000
16.481995;agent7;19.808826;0.000000;3.724324;Stadium;cell20.000000-2.000000
16.481995;agent8;21.070709;0.000000;5.195705;Stadium;cell20.000000-4.000000
16.481995;agent9;11.599729;0.000000;8.230713;Theater;cell10.000000-8.000000
16.802002;agent0;15.902626;0.000000;8.807220;Theater;cell14.000000-8.000000
16.802002;agent1;25.571648;0.000000;7.941629;AppleStore;cell24.000000-8.000000
16.802002;agent3;26.211544;0.000000;16.878830;Stadium;cell26.000000-16.000000
16.802002;agent4;25.667240;0.000000;16.103107;Theater;cell24.000000-14.000000
16.802002;agent5;6.606922;0.000000;3.379004;Stadium;cell6.000000-2.000000
16.802002;agent7;19.397060;0.000000;3.694964;Stadium;cell18.000000-2.000000
16.802002;agent8;20.481487;0.000000;5.248880;Stadium;cell20.000000-4.000000
16.802994;agent9;11.978947;0.000000;8.384190;Theater;cell10.000000-8.000000
17.110992;agent0;16.333630;0.000000;9.095132;Theater;cell14.000000-8.000000
17.110992;agent1;25.543741;0.000000;7.477230;AppleStore;cell24.000000-6.000000
17.110992;agent3;25.895973;0.000000;17.356827;Stadium;cell26.000000-16.000000
17.112000;agent4;26.005316;0.000000;16.234865;Theater;cell24.000000-16.000000
17.112000;agent5;6.118911;0.000000;3.376125;Stadium;cell6.000000-2.000000
17.112000;agent7;18.887697;0.000000;3.608136;Stadium;cell18.000000-2.000000
17.112000;agent8;20.015957;0.000000;5.168478;Stadium;cell20.000000-4.000000
17.112000;agent9;12.341405;0.000000;8.641311;Theater;cell10.000000-8.000000
17.410004;agent0;16.696171;0.000000;9.433167;Theater;cell16.000000-8.000000
17.410004;agent1;25.480171;0.000000;7.067336;AppleStore;cell24.000000-6.000000
17.410004;agent3;25.279425;0.000000;17.662769;Stadium;cell24.000000-16.000000
17.410004;agent4;26.333849;0.000000;16.523462;Stadium;cell26.000000-16.000000
17.410004;agent7;18.887697;0.000000;3.608136;Stadium;cell18.000000-2.000000
17.410995;agent8;19.550201;0.000000;5.101394;Stadium;cell20.000000-4.000000
17.410995;agent9;12.827477;0.000000;8.896716;Theater;cell12.000000-8.000000
17.707001;agent0;16.994019;0.000000;9.746075;Theater;cell16.000000-8.000000
17.707001;agent1;25.431652;0.000000;6.625233;AppleStore;cell24.000000-6.000000
17.707001;agent3;24.762415;0.000000;17.462795;Stadium;cell24.000000-16.000000
17.707001;agent4;25.987406;0.000000;16.204548;Stadium;cell26.000000-16.000000
17.707001;agent7;18.463184;0.000000;3.479255;Stadium;cell18.000000-2.000000
17.707001;agent8;19.064167;0.000000;5.030548;Stadium;cell18.000000-4.000000
17.707001;agent9;13.183244;0.000000;9.106038;Theater;cell12.000000-8.000000
18.009995;agent0;17.355824;0.000000;9.939367;Theater;cell16.000000-8.000000
18.009995;agent1;25.481251;0.000000;6.155698;AppleStore;cell24.000000-6.000000
18.009995;agent3;24.360277;0.000000;17.117125;Stadium;cell24.000000-16.000000
18.009995;agent4;25.559393;0.000000;15.895142;Stadium;cell24.000000-16.000000
18.009995;agent7;17.953403;0.000000;3.267510;Stadium;cell18.000000-2.000000
18.009995;agent8;18.540396;0.000000;4.950371;Stadium;cell18.000000-4.000000
18.009995;agent9;13.593770;0.000000;9.344715;Theater;cell12.000000-8.000000
18.298004;agent0;17.787107;0.000000;10.071398;Theater;cell16.000000-8.000000
18.298004;agent3;24.360277;0.000000;17.117125;Stadium;cell24.000000-16.000000
18.298004;agent4;25.095346;0.000000;15.650778;Stadium;cell24.000000-14.000000
18.298996;agent7;17.544937;0.000000;3.092777;Stadium;cell16.000000-2.000000
18.298996;agent8;17.971956;0.000000;4.813634;Stadium;cell18.000000-4.000000
18.298996;agent9;14.051034;0.000000;9.562759;Theater;cell12.000000-8.000000
18.528000;agent0;18.222307;0.000000;10.267014;Theater;cell16.000000-10.000000
18.529007;agent3;23.847898;0.000000;16.993130;Stadium;cell24.000000-16.000000
18.529007;agent4;24.753210;0.000000;15.346875;Stadium;cell24.000000-14.000000
18.529007;agent7;17.044252;0.000000;3.005338;Stadium;cell16.000000-2.000000
18.529007;agent8;17.557068;0.000000;4.688243;Stadium;cell16.000000-4.000000
18.529007;agent9;14.414350;0.000000;9.773426;Theater;cell14.000000-8.000000
18.764999;agent0;18.725950;0.000000;10.453334;Theater;cell18.000000-10.000000
18.764999;agent3;23.492550;0.000000;16.729437;Stadium;cell22.000000-16.000000
18.764999;agent4;24.414404;0.000000;15.102561;Stadium;cell24.000000-14.000000
18.764999;agent7;16.518017;0.000000;3.051958;Stadium;cell16.000000-2.000000
18.764999;agent8;17.083296;0.000000;4.627576;Stadium;cell16.000000-4.000000
18.764999;agent9;14.794745;0.000000;9.957398;Theater;cell14.000000-8.000000
19.007996;agent0;19.149368;0.000000;10.749070;Theater;cell18.000000-10.000000
19.007996;agent3;23.013517;0.000000;16.415516;Stadium;cell22.000000-16.000000
19.007996;agent4;23.992144;0.000000;14.960435;Stadium;cell24.000000-14.000000
19.007996;agent7;15.984134;0.000000;2.960471;Stadium;cell16.000000-2.000000
19.007996;agent8;16.646063;0.000000;4.607627;Stadium;cell16.000000-4.000000
19.007996;agent9;15.326300;0.000000;10.159903;Theater;cell14.000000-8.000000
19.242004;agent0;19.559446;0.000000;11.002783;Theater;cell18.000000-10.000000
19.242004;agent3;22.620193;0.000000;16.117657;Stadium;cell22.000000-16.000000
19.242004;agent4;23.520555;0.000000;14.784001;Stadium;cell22.000000-14.000000
19.242004;agent7;15.424978;0.000000;2.874446;Stadium;cell14.000000-2.000000
19.242004;agent8;16.166119;0.000000;4.499113;Stadium;cell16.000000-4.000000
19.242996;agent9;15.713336;0.000000;10.374116;Theater;cell14.000000-10.000000
19.466995;agent0;19.978928;0.000000;11.294454;Theater;cell18.000000-10.000000
19.466995;agent3;22.127848;0.000000;15.829700;Stadium;cell22.000000-16.000000
19.466995;agent4;23.128088;0.000000;14.627151;Stadium;cell22.000000-14.000000
19.466995;agent7;14.908758;0.000000;2.971555;Stadium;cell14.000000-2.000000
19.466995;agent8;15.704934;0.000000;4.465591;Stadium;cell16.000000-4.000000
19.468002;agent9;16.137106;0.000000;10.638252;Theater;cell14.000000-10.000000
19.688004;agent0;20.434084;0.000000;11.472615;Theater;cell18.000000-10.000000
19.688004;agent3;21.702372;0.000000;15.579036;Stadium;cell22.000000-14.000000
19.688995;agent4;22.651598;0.000000;14.397975;Stadium;cell22.000000-14.000000
19.688995;agent7;14.345759;0.000000;2.955583;Stadium;cell14.000000-2.000000
19.688995;agent8;15.188388;0.000000;4.455433;Stadium;cell14.000000-4.000000
19.688995;agent9;16.452644;0.000000;10.852289;Theater;cell16.000000-10.000000
19.917007;agent0;20.759348;0.000000;11.824158;Theater;cell20.000000-10.000000
19.917007;agent3;21.107937;0.000000;15.473213;Stadium;cell20.000000-14.000000
19.917007;agent4;22.208031;0.000000;14.130865;Stadium;cell22.000000-14.000000
19.917007;agent7;13.841444;0.000000;2.837611;Stadium;cell14.000000-2.000000
19.917007;agent8;14.721030;0.000000;4.479877;Stadium;cell14.000000-4.000000
19.917007;agent9;16.809944;0.000000;11.014562;Theater;cell16.000000-10.000000
20.166000;agent0;21.007568;0.000000;12.188200;Theater;cell20.000000-10.000000
20.167007;agent3;20.668686;0.000000;15.391708;Stadium;cell20.000000-14.000000
20.167007;agent4;21.871431;0.000000;13.767548;Stadium;cell22.000000-14.000000
20.167007;agent7;13.340666;0.000000;2.812073;Stadium;cell12.000000-2.000000
20.167007;agent8;14.203110;0.000000;4.524600;Stadium;cell14.000000-4.000000
20.167007;agent9;17.219080;0.000000;11.331423;Theater;cell16.000000-10.000000
20.388000;agent0;21.348633;0.000000;12.471032;Theater;cell20.000000-12.000000
20.388000;agent3;20.262674;0.000000;15.179805;Stadium;cell20.000000-14.000000
20.388000;agent4;21.626947;0.000000;13.438427;Stadium;cell20.000000-12.000000
20.388000;agent7;12.927901;0.000000;2.823256;Stadium;cell12.000000-2.000000
20.389008;agent8;13.700018;0.000000;4.559444;Stadium;cell14.000000-4.000000
20.389008;agent9;17.738585;0.000000;11.488965;Theater;cell16.000000-10.000000
20.606003;agent0;21.865314;0.000000;12.092159;Theater;cell20.000000-12.000000
20.606003;agent3;19.910492;0.000000;14.807125;Stadium;cell20.000000-14.000000
20.606003;agent4;21.290113;0.000000;13.092767;Stadium;cell20.000000-12.000000
20.606003;agent7;12.494521;0.000000;2.863196;Stadium;cell12.000000-2.000000
20.606003;agent8;13.106483;0.000000;4.522286;Stadium;cell12.000000-4.000000
20.606995;agent9;18.053379;0.000000;11.784721;Theater;cell16.000000-10.000000
20.820007;agent0;22.635773;0.000000;11.994409;Theater;cell20.000000-12.000000
20.820007;agent3;19.550909;0.000000;14.404490;Stadium;cell18.000000-14.000000
20.820007;agent4;20.977085;0.000000;12.649638;Stadium;cell20.000000-12.000000
20.820007;agent7;11.965497;0.000000;2.885374;Stadium;cell12.000000-2.000000
20.820007;agent8;12.654710;0.000000;4.402586;Stadium;cell12.000000-4.000000
20.820007;agent9;18.341373;0.000000;12.073926;Theater;cell18.000000-10.000000
21.029999;agent0;22.918310;0.000000;12.361864;Theater;cell22.000000-10.000000
21.029999;agent3;19.230246;0.000000;14.135123;Stadium;cell18.000000-14.000000
21.029999;agent4;20.511732;0.000000;12.410860;Stadium;cell20.000000-12.000000
21.029999;agent7;11.439281;0.000000;2.724217;Stadium;cell10.000000-2.000000
21.029999;agent8;12.195326;0.000000;4.327274;Stadium;cell12.000000-4.000000
21.029999;agent9;18.721207;0.000000;12.355538;Theater;cell18.000000-12.000000
21.250000;agent0;23.118019;0.000000;12.666785;Theater;cell22.000000-12.000000
21.250000;agent3;18.903753;0.000000;13.876528;Stadium;cell18.000000-14.000000
21.251007;agent4;20.211803;0.000000;12.235650;Stadium;cell20.000000-12.000000
21.251007;agent7;10.967031;0.000000;2.722725;Stadium;cell10.000000-2.000000
21.251007;agent8;11.893648;0.000000;4.392774;Stadium;cell12.000000-4.000000
21.251007;agent9;19.208982;0.000000;12.674564;Theater;cell18.000000-12.000000
21.485001;agent0;23.396244;0.000000;13.058194;Theater;cell22.000000-12.000000
21.485001;agent3;18.316566;0.000000;13.887499;Stadium;cell18.000000-12.000000
21.485001;agent4;20.132853;0.000000;11.539124;Stadium;cell20.000000-12.000000
21.485001;agent7;10.523101;0.000000;2.723047;Stadium;cell10.000000-2.000000
21.485001;agent8;11.534611;0.000000;4.433531;Stadium;cell10.000000-4.000000
21.485001;agent9;19.611080;0.000000;12.940047;Theater;cell18.000000-12.000000
21.699005;agent0;23.646755;0.000000;13.462357;Theater;cell22.000000-12.000000
21.699005;agent3;17.825287;0.000000;13.520857;Stadium;cell18.000000-12.000000
21.699005;agent4;19.806833;0.000000;11.108278;Stadium;cell20.000000-10.000000
21.699997;agent7;10.082487;0.000000;2.650453;Stadium;cell10.000000-2.000000
21.699997;agent8;11.014959;0.000000;4.427936;Stadium;cell10.000000-4.000000
21.699997;agent9;20.022139;0.000000;13.239828;Theater;cell18.000000-12.000000
21.904007;agent0;23.979296;0.000000;13.749149;Theater;cell22.000000-12.000000
21.904007;agent3;17.520145;0.000000;13.098505;Stadium;cell16.000000-12.000000
21.904007;agent4;19.361385;0.000000;10.803653;Stadium;cell18.000000-10.000000
21.904999;agent7;9.668880;0.000000;2.526882;Stadium;cell10.000000-2.000000
21.904999;agent8;10.527573;0.000000;4.146869;Stadium;cell10.000000-4.000000
21.904999;agent9;20.320152;0.000000;13.455478;Theater;cell20.000000-12.000000
22.104004;agent0;24.332743;0.000000;13.892126;Theater;cell22.000000-12.000000
22.104996;agent3;17.181946;0.000000;12.736693;Stadium;cell16.000000-12.000000
22.104996;agent4;19.021769;0.000000;10.447795;Stadium;cell18.000000-10.000000
22.104996;agent7;9.137609;0.000000;2.390975;Stadium;cell8.000000-2.000000
22.104996;agent8;10.105421;0.000000;3.965709;Stadium;cell10.000000-4.000000
22.104996;agent9;20.599283;0.000000;13.701094;Theater;cell20.000000-12.000000
22.306000;agent0;24.638094;0.000000;14.185608;Theater;cell24.000000-12.000000
22.306000;agent3;16.902908;0.000000;12.458516;Stadium;cell16.000000-12.000000
22.306000;agent4;18.757851;0.000000;10.078055;Stadium;cell18.000000-10.000000
22.306000;agent7;8.782312;0.000000;2.314014;Stadium;cell8.000000-2.000000
22.306000;agent8;9.557173;0.000000;3.967052;Stadium;cell10.000000-2.000000
22.307007;agent9;20.907864;0.000000;14.005562;Theater;cell20.000000-12.000000
22.503998;agent0;25.024986;0.000000;14.580923;Theater;cell24.000000-14.000000
22.503998;agent3;16.627966;0.000000;12.181201;Stadium;cell16.000000-12.000000
22.503998;agent4;18.397018;0.000000;9.822141;Stadium;cell18.000000-10.000000
22.503998;agent7;8.475633;0.000000;2.295822;Stadium;cell8.000000-2.000000
22.503998;agent8;9.065273;0.000000;4.004619;Stadium;cell8.000000-2.000000
22.503998;agent9;21.360596;0.000000;14.146899;Theater;cell20.000000-14.000000
22.699997;agent0;25.289001;0.000000;15.004033;Theater;cell24.000000-14.000000
22.699997;agent3;16.169821;0.000000;11.894593;Stadium;cell16.000000-12.000000
22.699997;agent4;17.982847;0.000000;9.593052;Stadium;cell18.000000-8.000000
22.701004;agent7;7.996415;0.000000;2.348040;Stadium;cell8.000000-2.000000
22.701004;agent8;8.597022;0.000000;3.887177;Stadium;cell8.000000-4.000000
22.701004;agent9;21.820097;0.000000;14.208453;Theater;cell20.000000-14.000000
22.893997;agent0;25.614511;0.000000;15.383497;Theater;cell24.000000-14.000000
22.893997;agent3;15.679662;0.000000;11.622390;Stadium;cell16.000000-10.000000
22.893997;agent4;17.586397;0.000000;9.362428;Stadium;cell16.000000-8.000000
22.893997;agent7;7.441934;0.000000;2.474689;Stadium;cell6.000000-2.000000
22.893997;agent8;8.166374;0.000000;3.696659;Stadium;cell8.000000-2.000000
22.893997;agent9;22.328413;0.000000;14.347372;Theater;cell20.000000-14.000000
23.087006;agent0;25.909878;0.000000;15.717736;Theater;cell24.000000-14.000000
23.087006;agent3;15.378366;0.000000;11.333132;Stadium;cell14.000000-10.000000
23.087006;agent4;17.106121;0.000000;9.146672;Stadium;cell16.000000-8.000000
23.087006;agent7;6.888378;0.000000;2.525294;Stadium;cell6.000000-2.000000
23.087006;agent8;7.674372;0.000000;3.562826;Stadium;cell8.000000-2.000000
23.087006;agent9;22.723501;0.000000;14.544912;Theater;cell22.000000-14.000000
23.292999;agent0;26.164587;0.000000;16.001427;Theater;cell24.000000-14.000000
23.292999;agent3;15.086410;0.000000;11.007359;Stadium;cell14.000000-10.000000
23.292999;agent4;16.616962;0.000000;9.053658;Stadium;cell16.000000-8.000000
23.294006;agent7;6.311360;0.000000;2.488980;Stadium;cell6.000000-2.000000
23.294006;agent8;7.258020;0.000000;3.511074;Stadium;cell6.000000-2.000000
23.294006;agent9;23.212906;0.000000;14.820910;Theater;cell22.000000-14.000000
23.511002;agent0;26.545582;0.000000;16.246637;AppleStore;cell26.000000-16.000000
23.511002;agent3;14.765372;0.000000;10.703212;Stadium;cell14.000000-10.000000
23.511993;agent4;16.203461;0.000000;8.916738;Stadium;cell16.000000-8.000000
23.511993;agent7;5.739814;0.000000;2.716543;Theater;cell6.000000-2.000000
23.511993;agent8;6.877770;0.000000;3.474364;Stadium;cell6.000000-2.000000
23.511993;agent9;23.606287;0.000000;15.100753;Theater;cell22.000000-14.000000
23.720993;agent0;26.487972;0.000000;15.741052;AppleStore;cell26.000000-16.000000
23.720993;agent3;14.392785;0.000000;10.445012;Stadium;cell14.000000-10.000000
23.722000;agent4;15.764316;0.000000;8.777174;Stadium;cell16.000000-8.000000
23.722000;agent7;5.792367;0.000000;2.918208;Theater;cell4.000000-2.000000
23.722000;agent8;6.380297;0.000000;3.389138;Stadium;cell6.000000-2.000000
23.722000;agent9;23.924042;0.000000;15.385706;Theater;cell22.000000-14.000000
23.932007;agent0;26.347607;0.000000;15.236358;AppleStore;cell26.000000-14.000000
23.932007;agent3;14.050791;0.000000;10.096788;Stadium;cell14.000000-10.000000
23.932007;agent4;15.348797;0.000000;8.476485;Stadium;cell14.000000-8.000000
23.932007;agent7;5.556721;0.000000;2.707169;Theater;cell4.000000-2.000000
23.932007;agent9;23.924042;0.000000;15.385706;Theater;cell22.000000-14.000000
24.102005;agent0;26.169455;0.000000;14.864056;AppleStore;cell26.000000-14.000000
24.102005;agent3;13.771146;0.000000;9.728281;Stadium;cell14.000000-10.000000
24.102005;agent4;14.931402;0.000000;8.322530;Stadium;cell14.000000-8.000000
24.102005;agent7;5.913471;0.000000;3.097632;Theater;cell4.000000-2.000000
24.102005;agent9;24.336740;0.000000;15.638119;Theater;cell22.000000-14.000000
24.264999;agent0;25.947390;0.000000;14.538018;AppleStore;cell26.000000-14.000000
24.264999;agent3;13.380197;0.000000;9.487695;Stadium;cell12.000000-8.000000
24.266006;agent4;14.483468;0.000000;8.156797;Stadium;cell14.000000-8.000000
24.266006;agent7;6.293545;0.000000;3.479085;Theater;cell4.000000-2.000000
24.266006;agent9;24.851347;0.000000;15.793850;Theater;cell24.000000-14.000000
24.431000;agent0;25.948080;0.000000;13.974044;AppleStore;cell24.000000-14.000000
24.431000;agent3;13.000117;0.000000;9.065434;Stadium;cell12.000000-8.000000
24.432007;agent4;14.059709;0.000000;7.861561;Stadium;cell14.000000-8.000000
24.432007;agent7;6.715029;0.000000;3.870254;Theater;cell6.000000-2.000000
24.432007;agent9;25.258360;0.000000;15.976255;Theater;cell24.000000-14.000000
24.598007;agent0;25.857319;0.000000;13.517247;AppleStore;cell24.000000-12.000000
24.598007;agent3;12.599106;0.000000;8.938742;Stadium;cell12.000000-8.000000
24.598007;agent4;13.644457;0.000000;7.679011;Stadium;cell14.000000-6.000000
24.598007;agent7;7.146758;0.000000;4.099773;Theater;cell6.000000-2.000000
24.598999;agent9;25.597460;0.000000;16.161304;Theater;cell24.000000-14.000000
24.759003;agent0;25.834856;0.000000;13.065265;AppleStore;cell24.000000-12.000000
24.759003;agent3;12.113622;0.000000;8.735023;Stadium;cell12.000000-8.000000
24.759003;agent4;13.319828;0.000000;7.479620;Stadium;cell12.000000-6.000000
24.759003;agent7;7.488567;0.000000;4.319466;Theater;cell6.000000-4.000000
24.759995;agent9;26.011263;0.000000;16.303814;Theater;cell24.000000-16.000000
24.921005;agent0;25.855881;0.000000;12.439611;AppleStore;cell24.000000-12.000000
24.921005;agent3;11.656786;0.000000;8.365471;Stadium;cell12.000000-8.000000
24.921005;agent4;12.918558;0.000000;7.155725;Stadium;cell12.000000-6.000000
24.921005;agent7;7.840083;0.000000;4.515883;Theater;cell6.000000-4.000000
25.035995;agent0;25.868649;0.000000;11.972878;AppleStore;cell24.000000-12.000000
25.035995;agent3;11.265933;0.000000;8.042829;Stadium;cell10.000000-8.000000
25.035995;agent4;12.582830;0.000000;6.791382;Stadium;cell12.000000-6.000000
25.035995;agent7;8.264748;0.000000;4.746943;Theater;cell6.000000-4.000000
25.147003;agent0;25.904274;0.000000;11.495277;AppleStore;cell24.000000-10.000000
25.147995;agent3;10.871458;0.000000;7.651335;Stadium;cell10.000000-8.000000
25.147995;agent4;12.229379;0.000000;6.564470;Stadium;cell12.000000-6.000000
25.147995;agent7;8.658966;0.000000;4.915226;Theater;cell8.000000-4.000000
25.264999;agent0;25.984528;0.000000;11.191383;AppleStore;cell24.000000-10.000000
25.264999;agent3;10.385912;0.000000;7.407140;Stadium;cell10.000000-6.000000
25.264999;agent4;11.762589;0.000000;6.344155;Stadium;cell12.000000-6.000000
25.266006;agent7;9.162141;0.000000;5.123623;Theater;cell8.000000-4.000000
25.380997;agent0;26.081953;0.000000;10.745998;AppleStore;cell24.000000-10.000000
25.380997;agent3;9.960808;0.000000;7.216076;Stadium;cell10.000000-6.000000
25.380997;agent4;11.450586;0.000000;6.123580;Stadium;cell10.000000-6.000000
25.380997;agent7;9.662847;0.000000;5.317407;Theater;cell8.000000-4.000000
25.492004;agent0;26.174812;0.000000;10.139797;AppleStore;cell26.000000-10.000000
25.492004;agent3;9.557846;0.000000;7.079282;Stadium;cell8.000000-6.000000
25.492004;agent4;11.041532;0.000000;5.862530;Stadium;cell10.000000-6.000000
25.492996;agent7;10.017897;0.000000;5.582061;Theater;cell8.000000-4.000000
25.602997;agent0;26.078039;0.000000;9.672701;AppleStore;cell26.000000-10.000000
25.602997;agent3;8.947433;0.000000;6.913117;Stadium;cell8.000000-6.000000
25.602997;agent4;11.212627;0.000000;5.888732;Stadium;cell10.000000-4.000000
25.602997;agent7;10.477917;0.000000;5.849802;Theater;cell10.000000-4.000000
25.718002;agent0;26.050737;0.000000;9.209663;AppleStore;cell26.000000-8.000000
25.718002;agent3;8.547050;0.000000;6.533158;Stadium;cell8.000000-6.000000
25.718002;agent4;11.773116;0.000000;5.365703;Stadium;cell10.000000-4.000000
25.718002;agent7;10.861200;0.000000;6.153024;Theater;cell10.000000-4.000000
25.830994;agent0;25.949635;0.000000;8.657948;AppleStore;cell26.000000-8.000000
25.830994;agent3;8.164564;0.000000;6.157964;Stadium;cell8.000000-6.000000
25.830994;agent4;11.607170;0.000000;4.927749;Stadium;cell10.000000-4.000000
25.830994;agent7;11.336696;0.000000;6.475976;Theater;cell10.000000-6.000000
25.947998;agent0;25.909918;0.000000;8.178252;AppleStore;cell24.000000-8.000000
25.947998;agent3;7.807316;0.000000;5.795998;Stadium;cell8.000000-6.000000
25.947998;agent4;11.176829;0.000000;4.721358;Stadium;cell10.000000-4.000000
25.947998;agent7;11.662606;0.000000;6.724815;Theater;cell10.000000-6.000000
26.059998;agent0;25.751789;0.000000;7.740831;AppleStore;cell24.000000-8.000000
26.059998;agent3;7.474914;0.000000;5.500428;Stadium;cell6.000000-4.000000
26.059998;agent4;10.716717;0.000000;4.502650;Stadium;cell10.000000-4.000000
26.059998;agent7;12.015158;0.000000;7.006155;Theater;cell10.000000-6.000000
26.166000;agent0;25.621590;0.000000;7.294363;AppleStore;cell24.000000-6.000000
26.166000;agent3;7.072018;0.000000;5.090132;Stadium;cell6.000000-4.000000
26.167007;agent4;10.292059;0.000000;4.257477;Stadium;cell10.000000-4.000000
26.167007;agent7;12.441904;0.000000;7.261641;Theater;cell12.000000-6.000000
26.281006;agent0;25.469143;0.000000;6.865411;AppleStore;cell24.000000-6.000000
26.281998;agent3;6.667611;0.000000;4.760032;Stadium;cell6.000000-4.000000
26.281998;agent4;9.916768;0.000000;4.155719;Stadium;cell10.000000-4.000000
26.281998;agent7;12.764536;0.000000;7.488932;Theater;cell12.000000-6.000000
26.391006;agent0;25.501368;0.000000;6.475831;AppleStore;cell24.000000-6.000000
26.391006;agent3;6.312933;0.000000;4.491756;Stadium;cell6.000000-4.000000
26.391006;agent4;9.431092;0.000000;4.193539;Stadium;cell8.000000-4.000000
26.391998;agent7;13.124862;0.000000;7.719763;Theater;cell12.000000-6.000000
26.498001;agent0;25.520277;0.000000;6.048132;AppleStore;cell24.000000-6.000000
26.498001;agent3;6.022087;0.000000;4.147014;Stadium;cell6.000000-4.000000
26.498001;agent4;8.997762;0.000000;4.176507;Stadium;cell8.000000-4.000000
26.498001;agent7;13.544143;0.000000;8.039289;Theater;cell12.000000-6.000000
26.598999;agent3;6.022087;0.000000;4.147014;Stadium;cell6.000000-4.000000
26.598999;agent4;8.588240;0.000000;4.138217;Stadium;cell8.000000-4.000000
26.600006;agent7;13.900923;0.000000;8.217254;Theater;cell12.000000-8.000000
26.656998;agent3;5.712019;0.000000;3.755826;Stadium;cell6.000000-4.000000
26.656998;agent4;8.225224;0.000000;3.830814;Stadium;cell8.000000-4.000000
26.656998;agent7;14.323884;0.000000;8.413342;Theater;cell12.000000-8.000000
26.714996;agent3;5.362033;0.000000;3.552373;AppleStore;cell4.000000-2.000000
26.714996;agent4;7.744681;0.000000;3.618454;Stadium;cell8.000000-2.000000
26.714996;agent7;14.764632;0.000000;8.635699;Theater;cell14.000000-8.000000
26.774994;agent3;5.838544;0.000000;3.573057;AppleStore;cell4.000000-2.000000
26.774994;agent4;7.315282;0.000000;3.506403;Stadium;cell6.000000-2.000000
26.774994;agent7;15.181872;0.000000;8.816982;Theater;cell14.000000-8.000000
26.832993;agent3;6.076822;0.000000;3.670905;AppleStore;cell4.000000-2.000000
26.832993;agent4;6.920395;0.000000;3.426196;Stadium;cell6.000000-2.000000
26.832993;agent7;15.550633;0.000000;9.015757;Theater;cell14.000000-8.000000
26.889999;agent3;5.920252;0.000000;4.402176;AppleStore;cell6.000000-2.000000
26.889999;agent4;6.400003;0.000000;3.381027;Stadium;cell6.000000-2.000000
26.889999;agent7;16.015360;0.000000;9.321364;Theater;cell14.000000-8.000000
26.947006;agent3;6.398438;0.000000;4.872749;AppleStore;cell4.000000-4.000000
26.947998;agent4;5.931398;0.000000;3.383656;Stadium;cell6.000000-2.000000
26.947998;agent7;16.417805;0.000000;9.658139;Theater;cell16.000000-8.000000
27.007004;agent3;6.897239;0.000000;4.947164;AppleStore;cell6.000000-4.000000
27.007004;agent4;5.475236;0.000000;3.260077;AppleStore;cell4.000000-2.000000
27.007004;agent7;16.732758;0.000000;9.939858;Theater;cell16.000000-8.000000
27.070007;agent3;7.309199;0.000000;4.936542;AppleStore;cell6.000000-4.000000
27.070007;agent4;6.007154;0.000000;3.377328;AppleStore;cell4.000000-2.000000
27.070007;agent7;17.060471;0.000000;10.167480;Theater;cell16.000000-8.000000
27.126999;agent3;7.734669;0.000000;4.953839;AppleStore;cell6.000000-4.000000
27.126999;agent4;6.426435;0.000000;3.393501;AppleStore;cell6.000000-2.000000
27.126999;agent7;17.456890;0.000000;10.351481;Theater;cell16.000000-10.000000
27.188995;agent3;8.169315;0.000000;5.039291;AppleStore;cell6.000000-4.000000
27.188995;agent4;6.968890;0.000000;3.578918;AppleStore;cell6.000000-2.000000
27.188995;agent7;17.936810;0.000000;10.674956;Theater;cell16.000000-10.000000
27.251007;agent3;8.634288;0.000000;4.913839;AppleStore;cell8.000000-4.000000
27.251007;agent4;7.465914;0.000000;3.664661;AppleStore;cell6.000000-2.000000
27.251007;agent7;18.254351;0.000000;10.941025;Theater;cell16.000000-10.000000
27.315002;agent3;9.208429;0.000000;4.857222;AppleStore;cell8.000000-4.000000
27.315002;agent4;7.914877;0.000000;3.595491;AppleStore;cell6.000000-2.000000
27.315002;agent7;18.632927;0.000000;11.221758;Theater;cell18.000000-10.000000
27.386002;agent3;9.684453;0.000000;4.995584;AppleStore;cell8.000000-4.000000
27.386002;agent4;8.356327;0.000000;3.539385;AppleStore;cell6.000000-2.000000
27.386002;agent7;19.027065;0.000000;11.360424;Theater;cell18.000000-10.000000
27.457993;agent3;10.007348;0.000000;5.103191;AppleStore;cell8.000000-4.000000
27.457993;agent4;8.855170;0.000000;3.607571;AppleStore;cell8.000000-2.000000
27.457993;agent7;19.471533;0.000000;11.540492;Theater;cell18.000000-10.000000
27.531998;agent3;10.433989;0.000000;5.211022;AppleStore;cell10.000000-4.000000
27.531998;agent4;9.256054;0.000000;3.688768;AppleStore;cell8.000000-2.000000
27.531998;agent7;19.909565;0.000000;11.727164;Theater;cell18.000000-10.000000
27.606003;agent3;10.865244;0.000000;5.255090;AppleStore;cell10.000000-4.000000
27.606003;agent4;9.646869;0.000000;3.704725;AppleStore;cell8.000000-2.000000
27.606003;agent7;20.325680;0.000000;11.979860;Theater;cell18.000000-10.000000
27.679001;agent3;11.470065;0.000000;5.370739;AppleStore;cell10.000000-4.000000
27.679001;agent4;10.200720;0.000000;3.885720;AppleStore;cell8.000000-2.000000
27.679001;agent7;20.655884;0.000000;12.275617;Theater;cell20.000000-10.000000
27.753998;agent3;11.940145;0.000000;5.369028;AppleStore;cell10.000000-4.000000
27.753998;agent4;10.638363;0.000000;3.864930;AppleStore;cell10.000000-2.000000
27.753998;agent7;20.966265;0.000000;12.589779;Theater;cell20.000000-12.000000
27.837997;agent3;12.341493;0.000000;5.320944;AppleStore;cell10.000000-4.000000
27.837997;agent4;11.053704;0.000000;3.741128;AppleStore;cell10.000000-2.000000
27.837997;agent7;21.352411;0.000000;12.898818;Theater;cell20.000000-12.000000
27.923996;agent3;12.837078;0.000000;5.287495;AppleStore;cell12.000000-4.000000
27.923996;agent4;11.383248;0.000000;3.632542;AppleStore;cell10.000000-2.000000
27.923996;agent7;21.873899;0.000000;13.190497;Theater;cell20.000000-12.000000
28.009003;agent3;13.291526;0.000000;5.261516;AppleStore;cell12.000000-4.000000
28.009003;agent4;11.902815;0.000000;3.595681;AppleStore;cell10.000000-2.000000
28.009003;agent7;22.230124;0.000000;13.574325;Theater;cell20.000000-12.000000
28.093994;agent3;13.793189;0.000000;5.214220;AppleStore;cell12.000000-4.000000
28.093994;agent4;12.424501;0.000000;3.692226;AppleStore;cell10.000000-2.000000
28.093994;agent7;22.540648;0.000000;13.854833;Theater;cell22.000000-12.000000
28.182007;agent3;14.315856;0.000000;5.129962;AppleStore;cell12.000000-4.000000
28.182007;agent4;12.876870;0.000000;3.717552;AppleStore;cell12.000000-2.000000
28.182007;agent7;22.824270;0.000000;14.148250;Theater;cell22.000000-12.000000
28.274002;agent3;14.726599;0.000000;5.093525;AppleStore;cell14.000000-4.000000
28.274002;agent4;13.313976;0.000000;3.692825;AppleStore;cell12.000000-2.000000
28.274002;agent7;23.158606;0.000000;14.400249;Theater;cell22.000000-14.000000
28.369995;agent3;15.189760;0.000000;5.022674;AppleStore;cell14.000000-4.000000
28.371002;agent4;13.637918;0.000000;3.645708;AppleStore;cell12.000000-2.000000
28.371002;agent7;23.612841;0.000000;14.646430;Theater;cell22.000000-14.000000
28.466003;agent3;15.729109;0.000000;4.993373;AppleStore;cell14.000000-4.000000
28.466003;agent4;14.079904;0.000000;3.588718;AppleStore;cell12.000000-2.000000
28.466995;agent7;23.938532;0.000000;14.995215;Theater;cell22.000000-14.000000
28.561005;agent3;16.129816;0.000000;4.923979;AppleStore;cell14.000000-4.000000
28.561005;agent4;14.584274;0.000000;3.462617;AppleStore;cell14.000000-2.000000
28.561005;agent7;24.366060;0.000000;15.220230;Theater;cell22.000000-14.000000
28.658005;agent3;16.593122;0.000000;4.853409;AppleStore;cell16.000000-4.000000
28.658005;agent4;15.081163;0.000000;3.488169;AppleStore;cell14.000000-2.000000
28.658005;agent7;24.907793;0.000000;15.419114;Theater;cell24.000000-14.000000
28.768005;agent3;17.140003;0.000000;4.801254;AppleStore;cell16.000000-4.000000
28.768005;agent4;15.538226;0.000000;3.570246;AppleStore;cell14.000000-2.000000
28.768005;agent7;25.282888;0.000000;15.708352;Theater;cell24.000000-14.000000
28.875000;agent3;17.703144;0.000000;4.762152;AppleStore;cell16.000000-4.000000
28.875000;agent4;15.936831;0.000000;3.666522;AppleStore;cell14.000000-2.000000
28.875000;agent7;25.650089;0.000000;15.929461;Theater;cell24.000000-14.000000
28.979004;agent3;18.167799;0.000000;4.763285;AppleStore;cell16.000000-4.000000
28.979004;agent4;16.439522;0.000000;3.806844;AppleStore;cell14.000000-2.000000
28.979004;agent7;25.975971;0.000000;16.160856;Theater;cell24.000000-14.000000
29.080002;agent3;18.624826;0.000000;4.757684;AppleStore;cell18.000000-4.000000
29.080994;agent4;16.880669;0.000000;3.894575;AppleStore;cell16.000000-2.000000
29.145996;agent3;19.116146;0.000000;4.805977;AppleStore;cell18.000000-4.000000
29.145996;agent4;17.359890;0.000000;4.019765;AppleStore;cell16.000000-2.000000
29.210007;agent3;19.633238;0.000000;4.905869;AppleStore;cell18.000000-4.000000
29.210007;agent4;17.801226;0.000000;4.231873;AppleStore;cell16.000000-4.000000
29.276001;agent3;20.131819;0.000000;5.068189;AppleStore;cell18.000000-4.000000
29.276001;agent4;18.223877;0.000000;4.371606;AppleStore;cell16.000000-4.000000
29.341995;agent3;20.556332;0.000000;5.139640;AppleStore;cell20.000000-4.000000
29.341995;agent4;18.707706;0.000000;4.479058;AppleStore;cell18.000000-4.000000
29.416000;agent3;21.079981;0.000000;5.220391;AppleStore;cell20.000000-4.000000
29.416000;agent4;19.175138;0.000000;4.671571;AppleStore;cell18.000000-4.000000
29.488998;agent3;21.637943;0.000000;5.248203;AppleStore;cell20.000000-4.000000
29.490005;agent4;19.606686;0.000000;4.792319;AppleStore;cell18.000000-4.000000
29.567993;agent3;22.144114;0.000000;5.232003;AppleStore;cell20.000000-4.000000
29.567993;agent4;20.115789;0.000000;4.981377;AppleStore;cell18.000000-4.000000
29.639999;agent3;22.550619;0.000000;5.150435;AppleStore;cell22.000000-4.000000
29.639999;agent4;20.503860;0.000000;5.074788;AppleStore;cell20.000000-4.000000
29.718994;agent3;23.080235;0.000000;5.148049;AppleStore;cell22.000000-4.000000
29.720001;agent4;21.036259;0.000000;5.135969;AppleStore;cell20.000000-4.000000
29.798996;agent3;23.568661;0.000000;5.111997;AppleStore;cell22.000000-4.000000
29.800003;agent4;21.569258;0.000000;5.206626;AppleStore;cell20.000000-4.000000
29.878006;agent4;21.569258;0.000000;5.206626;AppleStore;cell20.000000-4.000000
29.917007;agent4;22.063375;0.000000;5.195899;AppleStore;cell20.000000-4.000000
29.957001;agent4;22.465466;0.000000;5.136494;AppleStore;cell22.000000-4.000000
29.998993;agent4;22.959793;0.000000;5.089840;AppleStore;cell22.000000-4.000000
30.041000;agent4;23.470665;0.000000;5.076649;AppleStore;cell22.000000-4.000000
30.085007;agent4;23.983934;0.000000;5.007401;AppleStore;cell22.000000-4.000000
